URL,Title,Channel,Contains ad,Sentiment,Product name,Affiliate link,Sponsorship disclosure,Sponsorship disclosure II,Note
https://www.youtube.com/watch?v=91aP3dZr6-4,HUGE SUMMER CLOTHING HAUL!,,,,Hello Fresh,Get $35 off your first week of deliveries of Hello Fresh: http://bit.ly/2nETC2x using promo code aspynparker30 :) ,Thank you Hello Fresh for sponsoring this video!,,
https://www.youtube.com/watch?v=91aP3dZr6-4,HUGE SUMMER CLOTHING HAUL!,,,,Luca + Grae clothing,CHECK OUT MY ONLINE CLOTHING STORE // http://www.lucaandgrae.com,,,Own brand
https://www.youtube.com/watch?v=MpVfH5QDbPo,THE VLOG IS BACK,Casey neistat,,,,"my gear-
MY FAVORITE DRONE; http://amzn.to/2d6cP7v
BIG CAMERA; http://tinyurl.com/jn4q4vz
BENDY TRIPOD THING; http://tinyurl.com/gw3ylz2
YOU NEED THIS FOR THE BENDY TRIPOD; http://tinyurl.com/j8mzzua
WIDE LENS; http://tinyurl.com/jkfcm8t
MORE EXPENSIVE WIDE LENS; http://tinyurl.com/zrdgtou
SMALL CAMERA; http://tinyurl.com/hrrzhor
MICROPHONE; http://tinyurl.com/zefm4jy
OTHER MICROPHONE; http://tinyurl.com/jxgpj86
DRONE; http://tinyurl.com/h4ft3oy
OLD DRONE (cheaper but still great);http://tinyurl.com/zcfmnmd
EXPENSIVE CAMERA I DON’T USE ENOUGH; http://tinyurl.com/hurfrub",None,,Multiple affiliate links
https://www.youtube.com/watch?v=PTAsxwdUHoY,"$38,000 A NIGHT OVERWATER VILLA TOUR!",Aspyn & parker,,,,ST. REGIS MALDIVES RESORT // http://www.stregismaldives.com,"
*Some links may be affiliate*",,
https://www.youtube.com/watch?v=cchfO5uZfFo,5 STAR RESORT EXPERIENCE AT ST. REGIS MALDIVES!,Aspyn & parker,,,,ST. REGIS MALDIVES RESORT // http://www.stregismaldives.com,"
*Some links may be affiliate*",,
https://www.youtube.com/watch?v=WKSa0awk5kE,BORA BORA TRAVEL DIARY | PART ONE,Danielle Mansutti,yes,,Tarte cosmetics,http://tartecosmetics.com/,I'm forever grateful to Tarte Cosmetics for looking after us so well,,The trip was sponsored
https://www.youtube.com/watch?v=9Q03QMe8cik,I DON'T WANT TO DIE ALONE - Dubai travel diary pt 1,Kenza Zouiten,yes,,Dubai tourism,,"I was invited by Dubai Tourism to explore Dubai and share it on my Instagram. This vlog was not in the contract so I did not get paid for it, I made it because I wanted to. Just so you know. :-)",,NOT sponsored
https://www.youtube.com/watch?v=YocF0pqNOAU,Travel Diary: The Maldives // Coco Bodhu Hithi,Danielle Mansutti,yes,,Coco Palm Bodhu Hithi,"
Thank you to the following for making this all possible:
www.cocoboduhithi.com
@coco.resorts
www.theasiacollective.com
@theasia.collective",,,
https://www.youtube.com/watch?v=jktoyE6lOkg,Travel Diary: The Maldives 2 // Sun Siyam Iru Fushi,Danielle Mansutti,yes,,Sun Siyam Iru Fushi,"Thank you to the following for making this all possible:
www.thesunsiyam.com
@thesunsiyamirufushi
www.theasiacollective.com
@theasia.collective",,,
https://www.youtube.com/watch?v=6Zq_T7fJxBk,Jenn Goes To Dubai,Clothesencounters,,,,"I was sent to Dubai by Beautiful Destinations: http://instagram.com/beautifuldestina...
I stayed at the Burj Al Arab: http://instagram.com/burjalarab",I went to Dubai for two days for the #WorldsUltimateInstameet. It's an event where 5 winners and 5 digital influencers met up to document our trip. Huge thank you to Beautiful Destinations and the Jumeirah team for sending and housing me at the Burj Al Arab.,,
https://www.youtube.com/watch?v=kZ2trMS3Bm8,5 Days In IBIZA // sam evans (HD),Sam evans,,,,book your Ibiza adventure N O W // https://www.togetherweek.com/together...,,,
https://www.youtube.com/watch?v=eWnuulF4dt4,"Santorini, Greece! // June 2015",Alex Centomo vlogs,,,,"Check out the San Antonio Hotel:
http://bit.ly/1MvHHsX",,,
https://www.youtube.com/watch?v=bkOFjaNtaRw,WEDDING JITTERS & PICKING UP THE DRESS!,Samanta Maria vlogs,,,,"*Striped Jumper - http://bit.ly/2roLaFR

*Nude Sandals - http://bit.ly/2romgGo

*Pleather Skirt - http://bit.ly/2sHYWqS

*EGO Mules - http://bit.ly/2sHGIWo",Affiliate links - A small percentage will be earned on purchase from links with an asterisk,,
https://www.youtube.com/watch?v=JpFkAezXdzc,HARDROCK HOTEL VLOG,Skye Wheatley,,,,"Here is the website for Hard rock if you're looking at going to bali!!
https://www.agoda.com/id-id/hard-rock...

And their Instagram is- 
@hardrockbali 
",,,
https://www.youtube.com/watch?v=keBQdR9g1v4,,,,,,,,,
https://www.youtube.com/watch?v=HUasEueXhXY,"OUR NEW $10,000,000 DUBAI PENTHOUSE!!",Meet the vloggers,,,,"* * BOOK here for W Dubai: www.wdubaialhabtoorcity.com/ * * 

* * The suite in the video is known famously as the E-Wow Suite * *",,,
https://www.youtube.com/watch?v=cImM-X6H0C0,"MY $25,000 LUXURY FIRST CLASS AIRPLANE EXPERIENCE!!",Meet the vloggers,,,,* * Book with EMIRATES here: https://www.emirates.com/ae/english/ * *,,,
https://www.youtube.com/watch?v=ihr6uRFdwkw,OUR SECOND MALDIVES HOME TOUR - VLOG 058 & 059,Kane and Pia,,,,Accomodation: http://www.theluxenomad.com,,,
https://www.youtube.com/watch?v=ghluJxgJ1Dk,THE ROCK SENT A TWEET TO PIA! - VLOG 064,Kane and Pia,,,,"So many people asked, this is the list of stuff we did today:

Wholemeal Cafe - http://bit.ly/2gX7UIm
Cryotherapy - http://bit.ly/2gNm2CO
Vessel for lunch - http://bit.ly/2hcjy5l
Sailaway Sydney - http://bit.ly/2h1kPMa

Groupon website - http://bit.ly/2hcsXtt
#SensationalSummer shop - http://bit.ly/2gKvJoU",,,
https://www.youtube.com/watch?v=MzvsncTuk6o,SHE DIDN'T KNOW I WAS FILMING HER - VLOG 089,Kane and Pia,,,,"Floating pot thing: https://flyte.se/pages/lyfe
Pixel clock: LaMetric.com",,,
https://www.youtube.com/watch?v=MXEfFxcdFm0,WE DON'T USUALLY DO THIS! ad,Britpoplife vlogs,,,,"Thanks to BBC Worldwide for sponsoring this video.

Check out the BBC Earth unplugged Youtube channel- ""Children react to strange animals"": http://bit.ly/2q7II9a

You can upload your footage here for the chance to be featured in a special BBC Earth film: http://bbc.in/2q7IQWc",,,
https://www.youtube.com/watch?v=2UffiMaXtZE,I WORE WHITE TO HER WEDDING & GRACE TURNS 1 | PATRICIA BRIGHT - VLOG #2,Patricia bright,,,,- Graces table created by - https://www.instagram.com/lamaisonjones/,,,
https://www.youtube.com/watch?v=2H0L_RXNuJI,"MINI GOLF, LUSH & OFFICE TOUR",MoreZoella,,,,"What I'm Wearing:

*Blue Check Lemons Playsuit - ASOS - http://bit.ly/2rKrH2H
*Sunglasses - Rayban - http://bit.ly/2oxUE3A
Sandals - Primark - http://bit.ly/2fSTrLx
*Red & White Stripe Playsuit - ASOS - http://bit.ly/2rKvihd
Cardigan - Lazy Oaf - http://bit.ly/2agPAJd
",,,
https://www.youtube.com/watch?v=93xN2lm8Goc,MOVING DAY! MOVING INTO OUR HOUSE!,Sierra and Alex,,,,Get 50$ off your LULL mattress with our discount. 100-Night Risk Free Tria:l http://bit.ly/2jHnf0L,,,
https://www.youtube.com/watch?v=Saqs8rpJ0-4,COACHELLA 2017!,Sierra and Alex,,,,"Seat Geek: Click on the Me tab to enter our promo code SIERRA for $20 off your first order, you can download the app by clicking the link below the video #LetsGo : https://sg.app.link/sierra",,,
https://www.youtube.com/watch?v=96w-EFOb36k,COACHELLA 2017 VLOG! Chloe Morello,,,,,"oo Faced & Quay Australia sent a bunch of us out to Palm Springs on a Jet for a weekend of Coachella fun! They TOTALLY spoilt us, it was absolutely the best weekend ever and I already miss everyone SO much!

Check out the Too Faced youtube for more fun videos: http://www.youtube.com/TooFaced

Thanks Quay Australia (http://www.quayaustralia.com) and Too Faced (http://www.toofaced.com) for the most incredible experience!
",,,
https://www.youtube.com/watch?v=ytBOVoK836c,Vlog 16: I CAN NOT DISAPPOINT MY FOLLOWERS - The Caribbean edition,Negin Misalehi,,,,"Outfit 1
Sweater - Misa Carine Cardigan - http://bit.ly/2iPQiyx 
Earrings – Gas Bijoux – http://www.gasbijoux.com 
Jeans – Sandro Parisien Jeans - http://bit.ly/2jfZv69 
Bag – Gucci Dionysus GG Supreme canvas shoulder bag - http://on.gucci.com/2jfMwS8 
Shoes –Nomadic State of Mind Rope Sandals - http://bit.ly/2jEDk6T

Outfit 2
Jumpsuit – House of Harlow 1960 X Revolve Rory Jumpsuit - http://bit.ly/2jfeVI9

Outfit 3
Top – Privacy Please Arden Bodysuit - http://bit.ly/2jrMi8a 
Shorts – Stone Cold Fox Florida Shorts - http://bit.ly/2jfRTkk 
Shoes –Nomadic State of Mind Rope Sandals - http://bit.ly/2jEDk6T

Outfit 4
Dress – Privacy Please Judson Dress - http://bit.ly/2ikSySe

Outfit 5
Bikini – Lovers + Friends Annie Top - http://bit.ly/2jMlLWq

Outfit 6
One piece – Lovers + Friends Sea You Later One Piece - http://bit.ly/2jEQJvu",,,
https://www.youtube.com/watch?v=oesGl34NH5s,VLOG: GETTING LIT IN TENERIFE WITH BAE!,Holly Boon,,,,"SUNGLASSES- http://bit.ly/2o11ivF
Bikinis/shorts and dress from- www.whitefoxboutique.com
",,,
https://www.youtube.com/watch?v=DWF7DaZX-Ps,Shani & Michael Take Bali | VLOG,Shani Grimmond,,,,"Hotel I'm staying at - 
http://www.hiddenhillsvillas.com/",,,
https://www.youtube.com/watch?v=MoubbV3sVok,OUR NEW HOUSE!!,David Dobrik,,,,"A HUGE thank you to Christine and Janina for our stay! Here's their info:
Christine, owner of Lanikai Hillside Estate: www.houseconceptshawaii.com 
Janina, Founder of: www.hawaiianluxury.rentals 

Footage of home courtesy of 360 Property Videos LLC. Watch the full video: https://youtu.be/HLTvzogQJ58

Seriously guys check out the home its gorgeous!
",,,
https://www.youtube.com/watch?v=LntWvC9tqq4,OVER WATER VILLA TOUR! MALDIVES!,Sierra and Alex,,,,"
SUN AQUA VILU REEF RESORT: http://www.sunsiyam.com/resorts/vilu-...
",,,
https://www.youtube.com/watch?v=7EwmIT5nFCU,The TRUTH about our SUCCESS | Alex Ikonn Vlog,Alex Ikonn,,,,UPGRADE YOURSELF - http://www.intelligentchange.com,,,
https://www.youtube.com/watch?v=xWK2sPTC-ag,"$167,000 in 35 days | Vlog 18",Alex Ikonn,,,,"This is a fun and interesting vlog where I show you how I create a website for Productivity Planner - http://www.productivityplanner.com in last than 5 hours. 

To see the full Kickstarter campaign - https://www.kickstarter.com/projects/...

Tools that I've mentioned and used in this video:
http://www.shopify.com - eCommerce platform
http://www.squarespace.com - Alternative eCommerce platform
http://www.trycelery.com - great quick payment gateway set up for pre-orders
",,,
https://www.youtube.com/watch?v=MutE9-JcWj0,"Hello Vietnam: Vinh Long, Hanoi, Ha Long Bay, Da Nang, Hoi An | HAUSOFCOLOR",HAUSOFCOLOR,,,,"
Where I stayed in Vietnam: 
• HANOI: Maison D' Hanoi
http://www.hanovahotel.com
• HA LONG: Ha Long Cruise Tour
http://www.halong-emotion.com
• HOI AN: Swiss-Belhotel Golden Sand Resort & Spa
http://www.goldensandresort-spa.com.vn
• DA NANG: Intercontinental Danang Sun Peninsula Resort & Hyatt Regency
http://danang.intercontinental.com

• The Vietnam visa website I used: http://www.vietnamvisa.govt.vn (visa on arrival)

• Other awesome websites I used:
www.jetsetter.com
www.agoda.com
www.kayak.com
www.hipmunk.com",,,
https://www.youtube.com/watch?v=3N1ppVq_yNk,Halong Bay Luxury Cruise | Signature Cruise,Kara and Nate,,,,This Halong Bay Luxury Cruise was made possible by: http://signaturehalongcruise.com/en/,,,
https://www.youtube.com/watch?v=zMRm5Hl2yqM,Halong Bay Luxury Cruise | Day 2,Kara and Nate,,,,This Halong Bay Luxury Cruise was made possible by: http://signaturehalongcruise.com/en/,,,
https://www.youtube.com/watch?v=wvRnoLIvabY,WE SLEPT ON THE SIDE OF A MOUNTAIN | Peru Sky Lodge,Kara and Nate,,,,This experience was so incredible that we've partnered with Natura Vive to help you book your own Sky Lodge adventure! If you'd like to learn more about staying at the Sky Lodge please shoot us a message http://karaandnate.com/contact/,,,
https://www.youtube.com/watch?v=NawX3Eja1AA,BEST WAY to end a day of HIKING IN THE RAIN!,Kara and Nate,,,,THIS ADVENTURE MADE POSSIBLE BY: http://bit.ly/mountainlodgesofperu,,,
https://www.youtube.com/watch?v=DZBe_vUvOgI,OUR FAVORITE ROOM EVER | Amazon Luxury Cruise,Kara and Nate,,,,THIS ADVENTURE MADE POSSIBLE BY: DELFIN AMAZON CRUISES http://www.delfinamazoncruises.com/,,,
https://www.youtube.com/watch?v=vodcBWYykjc,"WE'RE STAYING IN THE MIDDLE OF THE AMAZON | Iquitos, Peru",Kara and Nate,,,,THIS ADVENTURE MADE POSSIBLE BY: OTORONGO EXPLORATIONS LODGE http://bit.ly/2qsgW3M,,,
https://www.youtube.com/watch?v=YO8_uf_Snpc,We Live on a Boat!! Our Airbnb Couples Getaway to French Polynesia!! /// WEEK 67 : Rangiroa,The Bucket List Family,,,,"
THANK YOU to Albion for the awesome swim and fitness gear for the gals on this trip! Use promo code BUCKETLIST for some extra savings : https://albionfit.com/
",,,
https://www.youtube.com/watch?v=to-Wnc5ftQs,Yesterdays | Ep.1 -- Thou Shalt Vlog Daily,Nicole Guirrero,,,,"Key Mentions:
Vlog Camera (not my favorite but works) -- http://amzn.to/2q2xkIU

Acrylic Compact Organizers -- http://amzn.to/2oJtTWr
Acrylic Concealer/Lipgloss Organzier -- http://amzn.to/2q2z0C5
Acrylic Eyeshadow Organizer -- http://amzn.to/2q2unIs
Acrylic Lipstick Organizer -- http://amzn.to/2q2uHqn
Clear Mac Lipstick Caps -- http://amzn.to/2q2wwni
Marble contact paper -- http://amzn.to/2pfSUcP

Sunnies -- Desi Perkins x Quay -- Olive Saharas
Never Not Chilling Tee -- Zumiez
",,,
https://www.youtube.com/watch?v=IqxdFFPM0Qc,Yesterdays | Ep.7 -- Sunday Funday,Nicole Guirrero,,,,"
Key Mentions:
Vlog Camera (not my favorite but works) -- http://amzn.to/2q2xkIU
Sunnies -- Knockoff Celines haha 
Drone -- DJI Mavic Pro -- http://amzn.to/2poYoDW",,,
https://www.youtube.com/watch?v=KWFcGb76CBw,DON'T TELL BRITTNEY!! The floor is Bubbles!,Roman Atwood Vlogs,,,,Thanks to Arrow.io for sponsoring this video! Get the super awesome Arrow.IO HERE - http://bit.ly/2sdQkFv,,,
https://www.youtube.com/watch?v=vOFa0YHSwx4,Car Crash Prank!!,Roman Atwood Vlogs,,,,"HUGE Thanks to my partners Scott Tube-Free for showing how the toilet paper tubes we use have a big impact on the environment.
Check this out!!! - http://bit.ly/1NvI8nb #Tossthetube",,,
https://www.youtube.com/watch?v=Eoy-6eHlwy4,A DAY IN THE LIFE: MEN'S STYLE VLOGGER | JAIRWOO,Jairwoo,,,,This video is sponsored by Clarks the Original Desert Boot. Thanks for the support!,,,
https://www.youtube.com/watch?v=HCxHHh4SVZo,MALE BLOGGERS IN LONDON | Ali Gordon,Ali Gordon,,,,"FURLA accessories - http://eu.furla.com/store/furlaeu/lis...

Outfit LookBook - 

Ali : GFN clothing - http://rstyle.me/n/cekpdrb2uwp

Jacket - https://www.gfnclothing.com/men-c5/ja...
T-Shirt - http://rstyle.me/n/cej8pdb2uwp
Jeans - https://www.gfnclothing.com/men-c5/de...
Shoes-https://www.gfnclothing.com/men-c5/fo...

Joey :

Jacket - http://rstyle.me/n/cej7xzb2uwp
under Jacket - https://www.armaniexchange.com/gb
trousers - http://rstyle.me/n/cej79hb2uwp
shoes - http://rstyle.me/n/cej9shb2uwp
hat- http://rstyle.me/n/cej9kdb2uwp
_________________________________________",,,
https://www.youtube.com/watch?v=7frmyZowam4,TRAVELING TO COSTA RICA!!,Erik Conover,,,,"
Thank you to Christina at Surf Inn Hermosa! 
http://surfinnhermosa.com/
http://twitter.com/surfinnhermosa
http://instagram.com/surfinnhermosa",,,
https://www.youtube.com/watch?v=G48RiO06DX0,CARIBBEAN BEACH HOUSE TOUR!!,Erik Conover,,,,"
Where we stayed:
http://www.harbourvillage.com/default...
https://www.instagram.com/harbourvill...
https://www.facebook.com/harbourvilla...

Where we dived: 
http://www.divefriendsbonaire.com/ at www.sanddollarbonaire.com

What we drove:
http://www.voyagerbonaire.com/

Where we ate: 
Breeze ‘n Bites at www.denlaman.com
http://bistrodeparis.com/
https://www.facebook.com/BistrodePari...

Thank you to We Share Bonaire for the drone footage, go subscribe! https://www.youtube.com/c/Wesharebonaire
http://www.wesharebonaire.com/",,,
https://www.youtube.com/watch?v=lKSDsWjGqC4,LIVING WITH YOUR GIRLFRIEND,Erik Conover,,,,"
Milena Realtor: 
http://www.nakedapartments.com/a/prof...

http://www.citi-habitats.com/real-est...",,,
https://www.youtube.com/watch?v=Ul8cg8ZlgMs,TOURISTS IN PARIS,Erik Conover,,,,"Where we stayed:
http://www.coq-hotel-paris.com/en/ 
https:// www.instagram.com/coqhotelparis/
https:// twitter.com/coqhotelparis
https:// www.facebook.com/coqhotelparis/

Tara Jarmon: 
https://www.instagram.com/tara_jarmon
https:// twitter.com/tara_jarmon
https://www.facebook.com/ TaraJarmonParis

Petit Palais:
http://www.petitpalais.paris.fr/
https://www.instagram.com/petitpalais...

Atout France Tourism: 
https://twitter.com/US_FranceFR
https://www.instagram.com/visitfrance/
https://www.facebook.com/franceguide/ ",,,
https://www.youtube.com/watch?v=fXgFgk9C8JM,LIVING IN A MANSION!!,Erik Conover,,,,"
Where we stayed:
http://surprenantes.com/en/nantes/lil...

Where we biked:
http://www.estuaire.info/en/

Rent a Castle Room: 
http://www.chateaudupe.fr/en/

Visit Nantes:
http://www.nantes-tourisme.com/en
https://www.instagram.com/levoyageana...
https://twitter.com/visitnantes
https://www.facebook.com/visitnantes/

Atout France Tourism: 
https://twitter.com/US_FranceFR
https://www.instagram.com/visitfrance/
https://www.facebook.com/franceguide/ ",,,
https://www.youtube.com/watch?v=vD42pe4VVkA,MICHELIN STAR RESTAURANT LUXURY EXPERIENCE!,Erik Conover,,,,"Michelin Star Restaurant experience! 

Morning Yoga: 
http://www.quaibranly.fr/en

La Grande Cascade Restaurant: 
https://www.instagram.com/ pavilloncascade/
http://www.restaurantsparisiens.com/e... grande-cascade/ 

Where we stayed: 
http://www.parisperfect.com/ https://
www.instagram.com/parisperfectrentals
https:// twitter.com/parisperfect
https://www.facebook.com/ parisperfect

Atout France Tourism: 
https://twitter.com/US_FranceFR
https://www.instagram.com/visitfrance/
https://www.facebook.com/franceguide/",,,
https://www.youtube.com/watch?v=AdW-Qe321ZI,CALIFORNIA DREAMING - VLOG!,Emitaz,,,,"
Thanks Copter Pilot & Discover LA for this! Check it out: http://www.copterpilot.com/",,,
https://www.youtube.com/watch?v=n15r7aIDdAA,SUMMER IN MARBELLA!,Janni Deler,,,,"My outfit:
Bik Bok hat (sold out)
Na-Kd top (here: http://revr.at/W3b)
Lovers + Friends shorts (here: http://revr.at/V3b)",,,
https://www.youtube.com/watch?v=JGtIaHmW81s,Spend a Date Day with us | Ali Gordon & Lydia Millen | Ad,Ali Gordon,,,,"Get David Beckham's Made Of Instinct fragrance at Boots: https://goo.gl/1ggvQK

It's not often enough Lydia & I make the time to spend some good quality time together, so in today’s video we bring you along on a relaxing date day, Lydia surprises me with the new Limited edition David Beckham fragrance Made Of Instinct and we set off for a walk around our local park, visit a local restaurant & finish off the evening at the cinema. This is how more of our time should be spent.
 
If you want to purchase or learn more about the David Beckham Made Of Instinct fragrance featured then you must click the link here - https://goo.gl/1ggvQK",,,
https://www.youtube.com/watch?v=MoFXJDtCb_E,MILAN WITH THE ARMANI SQUAD | Ali Gordon & Lydia Millen | Ad,Ali Gordon,,,,"Armani Beauty - 
Because it's YOU ( HER ) - http://rstyle.me/~9ZpFD
Stronger with YOU ( HIM ) - http://rstyle.me/~9ZpFV",,,
https://www.youtube.com/watch?v=VOf-I89pGZ0,MALDIVES PURE PARADISE | Ali Gordon & Lydia Elise Millen,Ali Gordon,,,,"
Qatar Airways we traveled with - http://www.qatarairways.com/uk/en/hom...
Hotel Resort we stayed at - http://www.hurawalhi.com",,,
https://www.youtube.com/watch?v=1cnBJYystA0,SHOPPING IN STOCKHOLM WITH ANNA | Lily Pebbles,Lily Pebbles,Yes,,Rekorderlig,"Anna and I went to Stockholm for a few days and had such a fun time shopping, eating and going to a fashion show! Hope you like the vlog. This video contains a paid for advertisement by Rekorderlig.",,,
https://www.youtube.com/watch?v=xQap9P6g5_8,A DAY IN NEW YORK | Lily Pebbles,Lily Pebbles,Yes,,Bobbi Brown,,This video contains a paid for advertisement by Bobbi Brown Cosmetics.,,
https://www.youtube.com/watch?v=rx3l4yIHuSA,A Day In The Life: Sunday With Mark | AD | The Anna Edit,The anna edit,yes ,,,,This video contains a paid for advertisement by Bourjois.,,
https://www.youtube.com/watch?v=re51-voq-HU,A Day In The Life: New York With Lily | The Anna Edit,The Anna edit,No,,,,"Disclaimer: This is not a paid for advertisement. Products purchased by myself or are PR samples. Some links may contain affiliate links. This means that if you click on an affiliate link, go through to the retailer and purchase an item, I may receive a small percentage of your purchase. Check out my website for a full disclaimer - http://annaed.uk/disclaimer.",,
https://www.youtube.com/watch?v=_nP34K2OOsU,The New York Vlog | ViviannaDoesVlogging,The Anna edit,No,,,,"Disclaimer: This video is NOT a paid for advertisement. Check out my website for a full disclaimer - http://www.viviannadoesmakeup.com/dis.... The YouTube commenting system is all over the place, but I do try to respond to as many tweets as I can so that's the best place to contact me. Tweet me @ViviannaMakeup.",,
https://www.youtube.com/watch?v=LDw_ph3ybO0,The Weekly Vlog #16 | ViviannaDoesVlogging,The Anna edit,No,,,,"Disclaimer: This is not a sponsored video. Products purchased by myself or are PR samples. Some affiliate links may be used above. Check out my website for a full disclaimer - http://www.viviannadoesmakeup.com/dis.... The YouTube commenting system is all over the place, but I do try to respond to as many tweets as I can so that's the best place to contact me. Tweet me @ViviannaMakeup.",,
https://www.youtube.com/watch?v=h9StXyLyZpw,Come Shopping With Me | AD | The Anna Edit,The Anna edit,Yes,,,,The one where I make Mark follow me around on a Sunday morning as I go beauty shopping (what A BABE!). This video contains a paid for advertisement by Boots.,,
https://www.youtube.com/watch?v=9YogHlrKnjQ,A Day In The Life: The Best Year Ever? | The Anna Edit,The Anna edit,No,,,,"Disclaimer: This is not a paid for advertisement. Products purchased by myself or are PR samples. Some links may contain affiliate links. This means that if you click on an affiliate link, go through to the retailer and purchase an item, I may receive a small percentage of your purchase. Check out my website for a full disclaimer - http://annaed.uk/disclaimer.",,
https://www.youtube.com/watch?v=rJauCbfrzLc,A Day In The Life Vlog: London | AD | The Anna Edit,The anna edit,Yes,,,,This video contains a paid for advertisement by Space NK.,,
https://www.youtube.com/watch?v=p4SSVMb-JaU,The Thailand Vlog | The Anna Edit,The anna edit,No,,,,his is not a paid for advertisement. Thanks to New Horizon Escapes for inviting me on your Koh Samui retreat. Products purchased by myself or are PR samples. Some affiliate links may be used above. Check out my website for a full disclaimer - http://annaed.uk/disclaimer.,,
https://www.youtube.com/watch?v=3aOcOzbLHDQ,The Sister Day Vlog | AD | ViviannaDoesVlogging,The Anna edit,Yes,,,,This video contains a paid for advertisement by Kinder Bueno.,,
https://www.youtube.com/watch?v=Mpzn32USIF4,The Monday to Friday Vlog | ViviannaDoesVlogging,The Anna edit,No,,,,This is not a paid for advertisement. Products purchased by myself or are PR samples. Some affiliate links may be used above.,,
https://www.youtube.com/watch?v=fAR3ALGwfDo,The L.A Vlog | ViviannaDoesVlogging,The Anna edit,No,,,,Disclaimer: This is not a paid for advertisement. Products purchased by myself or are PR samples. Some affiliate links may be used above. Check out my website for a full disclaimer - http://vdmakeup.uk/disclaimer.,,
https://www.youtube.com/watch?v=yyKyEZ0HWNw,A Day In The Life: What I Eat In A Day | The Anna Edit,The Anna edit,No,,,,his is not a paid for advertisement. Products purchased by myself or are PR samples.,,
https://www.youtube.com/watch?v=C6HghxKEz5E,A HOME DAY VLOG | Lily Pebbles,Lily Pebbles,No,,,,Disclaimer: This video is not an advertisement.,,
https://www.youtube.com/watch?v=j3yepMW3-oY,THE STRUGGLE IS REAL | AD | Lily Pebbles Vlog,Lily Pebbles,Yes,,,,This video contains a paid for advertisement by Braun.,,
https://www.youtube.com/watch?v=9zUpNn7m34s,THIS COULD BE LIFE CHANGING | AD | Lily Pebbles,Lily Pebbles,Yes,,,,This video contains a paid for advertisement by Simba.,,
https://www.youtube.com/watch?v=BEZXSJSf1hk,Closet Clear Out | Lily Pebbles VLOG,Lily Pebbles,No,,,,Disclaimer: This video is not an advertisement.,,
https://www.youtube.com/watch?v=PK3stUZ0G0w,EASTER WEEKEND VLOG | AD | Lily Pebbles Vlog,Lily Pebbles,Yes,,,,This video contains a paid for advertisement by Batiste.,,
https://www.youtube.com/watch?v=642tO2aGudo,UN VLOG PRETTY PARIS | AD | Lily Pebbles Vlog,Lily Pebbles,Yes,,,,This video contains a paid for advertisement by Bourjois.,,
https://www.youtube.com/watch?v=yCKZoOzvfaI,WARDROBE CLEANSE & SHOP | Lily Pebbles,Lily Pebbles,No,,,,Disclaimer: This video is not an advertisement. Some of the links used above may be affiliate links.,,
https://www.youtube.com/watch?v=8ZyJVFXIxio,PLAYING WITH BOOBS | Lily Pebbles Vlog,Lily Pebbles,No,,,,Disclaimer: This video is not an advertisement.,,
https://www.youtube.com/watch?v=XuS0eE-irm4,A STAYCATION IN LONDON | Lily Pebbles Vlog,Lily Pebbles,No,,,,Disclaimer: This video is not an advertisement.,,
https://www.youtube.com/watch?v=S1drJWm5AC8,SOCIAL MEDIA vs REAL LIFE | Lily Pebbles Vlog,Lily Pebbles,No,,,,Disclaimer: This video is not an advertisement.,,
https://www.youtube.com/watch?v=ELBa7oAsfrs,GETTING SASSY IN THE LAVENDER FIELDS | Lily Pebbles Vlog,Lily Pebbles,No,,,,Disclaimer: This video is not an advertisement.,,
https://www.youtube.com/watch?v=_iv-9j2ttnc,DINNER AT THE RITZ & HAUL | Lily Pebbles Vlog,Lily Pebbles,No,,,,Disclaimer: This video is not an advertisement.,,
https://www.youtube.com/watch?v=7ZdQzm0PgmQ,The Best Grilled Cheese Sandwich! | Lily Pebbles Vlog,Lily Pebbles,No,,,,Disclaimer: This video is not an advertisement.,,
https://www.youtube.com/watch?v=boXHrJH6sN0,A Quick Beach Break | Lily Pebbles Vlog,Lily Pebbles,No,,,,Disclaimer: This video is not an advertisement.,,
https://www.youtube.com/watch?v=H-FKVEA2YpY,Having a Permanent Blow Dry | Lily Pebbles Vlog,Lily Pebbles,No,,,,Disclaimer: This video is not an advertisement.,,
https://www.youtube.com/watch?v=VRBosgDYNi8,Another Weekly Vlog | AD | Lily Pebbles,Lily Pebbles,Yes,,,,This video contains a paid for advertorial from Rekorderlig. Click 'SHOW MORE' below,,
https://www.youtube.com/watch?v=UcEZyb5BWME,Home Sweet Home | Lily Pebbles Weekly Vlog,Lily Pebbles,No,,,,Disclaimer: This video is not an advertisement.,,
https://www.youtube.com/watch?v=WQf8MoR6Ja8,"Organising, Packing & Moving | Lily Pebbles Weekly Vlog",Lily Pebbles,No,,,,Disclaimer: This video is not an advertisement.,,
https://www.youtube.com/watch?v=lC7sYQeZFQ8,Life Admin & LA with MIKE! (ad),Fleurdevlog,Yes,,,,This vlog is sponsored by Lenor.,,
https://www.youtube.com/watch?v=schuG9HaN0w,Five Days in LA!,Fleurdevlog,No,,,,This video is not sponsored.,,
https://www.youtube.com/watch?v=fxeEWV-P75w,RUN DE FORCE!,Fleurdevlog,No,,,,This video is not sponsored.,,
https://www.youtube.com/watch?v=aHqUpCENbQ4,CHILLING at Home! April 10th (ad),Fleurdevlog,Yes,,,,This video is sponsored by Lenor.,,
https://www.youtube.com/watch?v=_CtPYQHYvPU,LAST MINUTE CUDDLES! April 11th,Fleurdevlog,No,,,,This video is not sponsored.,,
https://www.youtube.com/watch?v=wtO7MoGlurw,GIRLY DAY IN LA! April 12th,Fleurdevlog,No,,,,,,
https://www.youtube.com/watch?v=O84DW0KFAko,Prep for Fashion Week & Traveling to NYC Weekly Vlog l Olivia Jade,OliviaJade,No,,,,this video is not sponsored!,,
https://www.youtube.com/watch?v=8DiG9sgQ0_8,A FEW WEEKS IN MY LIFE VLOG l Olivia Jade,OliviaJade,No,,,,this video is not sponsored!,,
https://www.youtube.com/watch?v=fSxKHIZSIxE,"Farmers Market w/ Mom, BTS w/ Sephora Collection, etc. - WEEKLY VLOG l Olivia Jade",OliviaJade,Yes,,,,this video is sponsored by Sephora Collection! I am SO proud to be one of the beauty ambassadors ! :) love u guys,,
https://www.youtube.com/watch?v=VVgZIYcT_Lg,what i eat in a day & a whole bunch of chatting (vlog) l olivia jade,OliviaJade,No,,,,,,
https://www.youtube.com/watch?v=hEJf2blmLi0,DAY IN MY LIFE VLOG: Spring Day Out l Olivia Jade,OliviaJade,No,,,,,,
https://www.youtube.com/watch?v=szBkr8Mxchc,The vlogs are back,VlogsbyMeredith,No,,,,"FTC, not a sponsored video.",,
https://www.youtube.com/watch?v=z8zp0xRO43k,A Day in the Life of a UK Male Blogger | Jack Edwards,Jack edwards,No,,,,"2. None of this content in this video is sponsored and all opinions are 100% my own, I'd never promote something I don't genuinely love",,
https://www.youtube.com/watch?v=JfuZFbCC8kU,WHAT MATTERS IN LIFE | THE MICHALAKS | #AD,The Michalaks,Yes,,,,"Massive thanks to our sponsor this week Ready Brek, please check them out on Instagram to learn more about their children's book collaboration:",,
https://www.youtube.com/watch?v=UX-l7Fgg3ys,I CHEATED | THE MICHALAKS | #AD,The Michalaks,Yes,,,,We were invited by our partner this week Dorset cereals. (thanks guys),,
https://www.youtube.com/watch?v=oGt4_b35r8c,WHAT PREGNANCY FEELS LIKE | THE MICHALAKS | #AD,The Michalaks,Yes,,,,"Thanks again to Villa Plus for setting this up. WiFi, private pool, their villa had all the little extras that make your holiday better. Make sure you visit their website if you want to recreate a villa holiday like this: http://bit.ly/2smhCcQ",,
https://www.youtube.com/watch?v=4qVisqIivb4,LIVE FOR THE STORY | THE MICHALAKS | AD,The Michalaks,Yes,,,,This week we were lucky enough to work with the amazing Canon on their new Live For The Story campaign.,,
https://www.youtube.com/watch?v=utlsv6TqRX0,OUR NEW HOME | THE MICHALAKS | #AD,The Michalaks,Yes,,,,"Special thanks. We want to sincerely thank our partner this week, http://www.Comparethemarket.com for enabling us to all start this new life. Without them we'd still be choking on carbon monoxide and fighting off Vespa thieves.",,
https://www.youtube.com/watch?v=4K6Ak4lYPW8,We've changed,The Michalaks,No,,,,"Disclaimer, nothing featured in this video was gifted or paid content.",,
https://www.youtube.com/watch?v=3h_bFCX6i9M,WE FOUND OUR DREAM HOUSE IN BATH | THE MICHALAKS,The Michalaks,No,,,,none,,
https://www.youtube.com/watch?v=oGt4_b35r8c,A VERY ENGLISH SEASIDE | THE MICHALAKS | #AD,The Michalaks,YEs,,,,Huge thanks and love to the wonderful https://www.southeasternrailway.co.uk/ who partnered with us and inspired this week's video.,,
https://www.youtube.com/watch?v=spmMeSeWWrI,WE'RE MOVING! | THE MICHALAKS,The Michalaks,No,,,,none,,
https://www.youtube.com/watch?v=tul_lrxFNas,THE NORTH COAST 500 | THE MICHALAKS | #AD,The Michalaks,Yes,,,,HUGE THANKS: LANDROVER for making all this possible.,,
https://www.youtube.com/watch?v=Z3cDC0zSuEE,THEY FOUND MY STOLEN VESPA | THE MICHALAKS | #AD,The Michalaks,YEs,,,,Super-duper love to Starbucks UK this week for not only giving us some super tasty food but also helping us to create these videos. Forever grateful for your support x @StarbucksUK,,
https://www.youtube.com/watch?v=WWY6GMQrc-Y,I MADE A FAKE FRIEND | THE MICHALAKS,The Michalaks,yes,,,,"Special thanks: Crystal ski for giving me a discount on the trip, if you're every looking to book an awesome ski trip check these legends out: http://www.crystalski.co.uk/",,
https://www.youtube.com/watch?v=yFywuA3W83w,DON'T WANT IT TO CHANGE | THE MICHALAKS | *REUPLOAD | #AD,The Michalaks,Yes,,,,Special thanks to Amoy for supporting us and our channel. We can't thank you enough.,,
https://www.youtube.com/watch?v=bJwZSrHERmM,WE'RE NOT FINDING OUT! | THE MICHALAKS,The Michalaks,No,,,,*This vlog contains no paid promotion.,,
https://www.youtube.com/watch?v=25XRKZz6_fM,A TASTE OF FREEDOM | THE MICHALAKS | #AD,The Michalaks,Yes,,,,Massive thanks to LG for sponsoring this weeks video. We couldn't do it without you guys so we really do appreciate it.,,
https://www.youtube.com/watch?v=z5s_VO-KavU,CAMERA STOLEN?! | THE MICHALAKS,The Michalaks,No,,,,*Nothing featured in this vlog was gifted or paid promotion.,,
https://www.youtube.com/watch?v=_vBvk4uvTDE,EVERYTHING CHANGED | THE MICHALAKS,The Michalaks,No,,,,none,,
https://www.youtube.com/watch?v=5b4mqQjzrQ8,THE STORY BEHIND OUR MATCHING TATTOOS | THE MICHALAKS,The Michalaks,No,,,,(Nothing in this weeks video was gifted or paid promotion),,
https://www.youtube.com/watch?v=LmqmtqeeStY,Mr SNUFFLES | THE MICHALAKS,The Michalaks,No,,,,"(Nothing in this weeks video was gifted or paid promotion,)",,
https://www.youtube.com/watch?v=QMl7CJ_rLQw,TO BE CONTINUED... | THE MICHALAKS,The Michalaks,No,,,,none,,
https://www.youtube.com/watch?v=SwpqWvFGCko,THIS COULD BE OUR LAST TIME | THE MICHALAKS,The Michalaks,No,,,,*Nothing in this video was paid promotion (I did get the sexy bum bag for free though),,
https://www.youtube.com/watch?v=GLf-0qXU6sk,THE CREATORS CHOICE | THE MICHALAKS,The Michalaks,No,,,,"(Nothing in this weeks video was gifted or paid promotion, not even the vegan bacon)",,
https://www.youtube.com/watch?v=wFQZCrVlfiA,3 DAYS IN AMSTERDAM #InTheMoment ad,Tasha Green vlogs,yes,,,,FTC: Thanks to Accessorize for kindly sponsoring this video.,,
https://www.youtube.com/watch?v=1I2yeO7UCFc,GETTING MY WISDOM TEETH OUT & PUPPY'S FIRST WALK! | Tasha Green Vlogs,Tasha Green vlogs,no,,,,FTC: This video is NOT sponsored & some of the link I use are affiliate.,,
https://www.youtube.com/watch?v=lrGEEpptgyU,GOING BACK HOME FOR THE WEEKEND,Tasha Green vlogs,no,,,,FTC: This video is NOT sponsored & some of the link I use are affiliate.,,
https://www.youtube.com/watch?v=lqzZfH93LRE,SORTING OUT MY ROOM... FINALLY!,Tasha Green vlogs,no,,,,FTC: This video is NOT sponsored & some of the link I use are affiliate.,,
https://www.youtube.com/watch?v=JofU0sj-7iA,One Big Ibiza Party | Travel Vlog - Ad,Carl Cunard,yes,,,,This video is in partnership with Ultimate Ears.,,
https://www.youtube.com/watch?v=ADNcv2KpIjw,I WENT SHOPPING | Catch up with Carl | Vlog,Carl Cunard,no,,,,none,,
https://www.youtube.com/watch?v=COwTHL631M8,"A DAY OF PHOTOSHOOTS, FOOD AND TATTOO'S | CARL CUNARD",Carl Cunard,no,,,,none,,
https://www.youtube.com/watch?v=aMzIEd83KLs,Venice | Travel Vlog,Carl Cunard,no,,,,none,,
https://www.youtube.com/watch?v=7IZdnibplwA,WHAT WE EAT IN A DAY | VLOG AD,Kate Murnane,yes,,,,This video is sponsored by Hello Fresh,,
https://www.youtube.com/watch?v=B9TreqswmyY,WHY AM I SCARED? | DAY IN THE LIFE VLOG,Kate Murnane,no,,,,none,,
https://www.youtube.com/watch?v=EicfdwgIUxE,DREAMLAND | VLOG ad,Kate Murnane,yes,,,,This video was created in collaboration with Pampers. They recently got in touch to ask if Archie would like to test their NEW Baby-Dry Pants.,,
https://www.youtube.com/watch?v=0hz0kDEaB-s,LEARNING TO ROCK CLIMB! | Weekly Vlog AD,Niomi Smart,yes,,,,This video contains a paid for advertorial.,"Loved this challenge set to me by TEMPUR mattress! https://goo.gl/sEH6kH You guys know how much I LOVE my sleep, so I was so excited to see how the TEMPUR Original Deluxe memory foam mattress helped me achieve my goal. Turns out 'This Sleep is Power'!",
https://www.youtube.com/watch?v=62uYW--PcTI,24 Hours In Sweden | Niomi Smart VLOG,Niomi Smart,no,,,,DISCLAIMER This video is not sponsored. All opinions are my own.,,
https://www.youtube.com/watch?v=fKWp6MrPYh8,The Best Day Ever In Mexico | Niomi Smart VLOG,Niomi Smart,no,,,,DISCLAIMER This video is not sponsored. All opinions are my own.,,
https://www.youtube.com/watch?v=qYkEs9H7KFc,24 Hours In Provence | Niomi Smart,Niomi Smart,no,,,,DISCLAIMER This video is not sponsored. All opinions are my own.,,
https://www.youtube.com/watch?v=5kZHOxWMAEs,A Day In The Life Of A Youtuber | Niomi Smart AD,Niomi Smart,yes,,,,This video contains paid for advertorial by Naked Smoothies. SUBSCRIBE,,
https://www.youtube.com/watch?v=-fAH3HgN6E0,WEEKLY VLOG IN SPAIN + LA | Niomi Smart,Niomi Smart,no,,,,DISCLAIMER This video is not sponsored. All opinions are my own.,,
https://www.youtube.com/watch?v=JaIJ-hubFxw,A Day In Lisbon | Niomi Smart VLOG,Niomi Smart,no,,,,DISCLAIMER This video is not sponsored. All opinions are my own.,,
https://www.youtube.com/watch?v=WyQHQWNTCyM,"WEEKLY VLOG | Photoshoot, Travel & Beauty | Niomi Smart",Niomi Smart,no,,,,DISCLAIMER This video is not sponsored. All opinions are my own.,,
https://www.youtube.com/watch?v=qgeOnFdjJoA,IS THIS WHAT LIVING IN LA IS LIKE? A NEW 2 MILLION DOLLAR CAR? - VLOG AD,Patricia Bright,yes,,,,Make sure you check out the Clinique - Moisture Surge - http://bit.ly/2w0qgij as they are my fab sponsors xoxox,,
https://www.youtube.com/watch?v=7pw0-ji3-Bs,THIS IS SO EMBARRASSING | PATRICIA BRIGHT |VLOG #1,Patricia Bright,no,,,,none,,
https://www.youtube.com/watch?v=pLajpI9L9fI,WHY WE'VE BEEN GONE... VLOG #3,Patricia Bright,no,,,,none,,
https://www.youtube.com/watch?v=2UffiMaXtZE,I WORE WHITE TO HER WEDDING & GRACE TURNS 1 | PATRICIA BRIGHT - VLOG #2,Patricia Bright,no,,,,none,,
https://www.youtube.com/watch?v=Ao3dVCXKADc,NEW CAMERA & COMPETITION! #AD // Vlog S2E2,Mr Ben Brown,yes,,,,title,,
https://www.youtube.com/watch?v=VZaEIHvElrw,TOTAL DISASTER // Vlog S2E3,Mr Ben Brown,no,,,,none,,
https://www.youtube.com/watch?v=U6wj8RITYis,This Won't Stop Us // Vlog Ep.4,Mr Ben Brown,no,,,,none,,
https://www.youtube.com/watch?v=jtLYyQAIV9U,Why I LOVE Camping in Africa! // Vlog Ep.5,Mr Ben Brown,no,,,,none,,
https://www.youtube.com/watch?v=2_18oF85anE,WHAT I WORE at the British Seaside!! // Whitstable Travel Vlog (AD) | Fashion Mumblr,Fashion Mumblr ,yes,,,,Thank you to South Eastern for collaborating on this video! Discover more here : http://bit.ly/2rdcnza,,
https://www.youtube.com/watch?v=tY5-48dr5Lk,ANTIGUA TRAVEL DIARIES // Fashion Mumblr Vlog,Fashion Mumblr ,yes,,,,This video includes a paid for Advertorial feature with one of my favourite Skincare brands; Garnier - whose products I've used and adored for many years!,,
https://www.youtube.com/watch?v=tAmdHvSPGpU,London Fashion Week Vlog // Blogger Mail Unboxing // FASHION MUMBLR,Fashion Mumblr ,no,,,,none,,
https://www.youtube.com/watch?v=vkH1pwF4vCs&list=PLDr8tvf-Hr2OF1df562L_l-83M0r-jqug&index=6,The Most Incredible Office EVER! (With Puppies and a SLIDE!) | Fashion Mumblr Every Day May,Fashion Mumblr ,no,,,,none,,
https://www.youtube.com/watch?v=8hWpjQbSBr4&list=PLDr8tvf-Hr2OF1df562L_l-83M0r-jqug&index=16,A Weekend in Sicily - Outfit Diaries | Fashion Mumblr Travel Vlog,Fashion Mumblr ,no,,,,none,,
https://www.youtube.com/watch?v=2GhdKhSjB38&list=PLDr8tvf-Hr2OF1df562L_l-83M0r-jqug&index=19,LITERALLY WHAT BLOGGERS DO ALL DAY EVERY DAY!!! | Every Day May | Fashion Mumblr,Fashion Mumblr ,no,,,,none,,
https://www.youtube.com/watch?v=KAyeOXEGF4M&index=31&list=PLDr8tvf-Hr2OF1df562L_l-83M0r-jqug,A Weekend in Scotland! | Fashion Mumblr Weekly Vlog,Fashion Mumblr ,no,,,,none,,
https://www.youtube.com/watch?v=yT7cdFbQxvA&index=36&list=PLDr8tvf-Hr2OF1df562L_l-83M0r-jqug,CHRISTMAS EVE!!!! | Fashion Mumblr Vlogmas,Fashion Mumblr ,no,,,,none,,
https://www.youtube.com/watch?v=xsOey4KRgQc,"a mini vlog: hair routine, little nyc clips | nycbambi (ad)",nycbambi,yes,,,,title,Get 50% off the Vanity Planet Flow Hair Brush Iron here: http://vpwow.com/straight5 Use code at checkout: STRAIGHT5! -,
https://www.youtube.com/watch?v=sbcoXeYCr1U,I LOVE DOING LAUNDRY (A VLOG) | NYCBAMBI,nycbambi,no,,,,none,,
https://www.youtube.com/watch?v=gYvFZtb4ykU,MORNING COFFEE & MOOD BOARDS | NYCBAMBI (VLOG 2),nycbambi,no,,,,none,,
https://www.youtube.com/watch?v=vayPyxg3lE4,JUNE VLOG | a little room tour and lots of chatting,nycbambi,no,,,,none,,
https://www.youtube.com/watch?v=WNRaUPwbxMo,NOT YOUR AVERAGE MONDAY! | Amelia Liana Vlog ad,Amelia Liana ,yes,,,,Sponsored by Kinder Bueno www.facebook.com/buenouk,,
https://www.youtube.com/watch?v=gVUQZyIpepw,A DAY IN MARRAKESH! | Amelia Liana Vlog,Amelia Liana ,no,,,,none,,
https://www.youtube.com/watch?v=f6AwvJa8Nbg,A Day With Guy + Mini Haul! | Amelia Liana,Amelia Liana ,no,,,,none,,
https://www.youtube.com/watch?v=E_JCpYKUSQw,Surprising My Mum in Lake Como! | Amelia Liana Travel Vlog,Amelia Liana ,no,,,,none,,
https://www.youtube.com/watch?v=YDTI4A_Ud50,BACK TO OUR ROUTINE | DAY IN THE LIFE VLOG ad,Emily Norris,yes,,,,"The Valentine's content was kindly sponsored by Walker Books but I whole heartedly recommend this children's book, we have loved it since Fraser was born.",,
https://www.youtube.com/watch?v=CAoFuHXDEOo,A WEEKEND AWAY AS A FAMILY | VLOG,Emily Norris,no,,,,none,,
https://www.youtube.com/watch?v=GnRaWkOktZU,BABIES WITH JETLAG | FIRST DAY IN PUNTA CANA,Emily Norris,no,,,,none,,
https://www.youtube.com/watch?v=I6Ke_RTW8bI,WEEK IN THE LIFE OF ... (& MEETING NINJA TURTLES),Emily Norris,no,,,,) this was not a PR trip we just wanted to visit and love Sensatori Resorts xxx,,
https://www.youtube.com/watch?v=VGqU5OP7smE,A FANCY VLOG AT THE CLARIDGE'S WITH SPECSAVERS! #ad,Dina Tokio,yes,,,,Huge thanks to Specsavers for inviting me!,,
https://www.youtube.com/watch?v=BiCqyELfew0,DYING MY HAIR PINK & MAKING MAC N CHEESE,Dina Tokio,no,,,,none,,
https://www.youtube.com/watch?v=Yky5fImLB8E,MY GRANDAD'S A ROCKSTAR & I'M ON THE NEWS!,Dina Tokio,no,,,,none,,
https://www.youtube.com/watch?v=dNaoQp3dkEU,WHITE PRIVILEGE? MESSY BEDROOM & MY HUSBAND IS BALD!,Dina Tokio,no,,,,none,,
https://www.youtube.com/watch?v=M1XFB0AQt2M,SWEDEN VIDEO DIARY | VLOG | AD,Shirley B. Eniang,yes,,,,"This video is sponsored by Danone, all opinions are my own.",,
https://www.youtube.com/watch?v=6W3uw_BL7HY,Lagos Video Diary | VLOG,Shirley B. Eniang,no,,,,// FTC Disclaimer. Not sponsored.,,
https://www.youtube.com/watch?v=kraOe3apnP0,SPEND THE DAY WITH ME | VLOG,Shirley B. Eniang,no,,,,// FTC Disclaimer. Not sponsored.,,
https://www.youtube.com/watch?v=2TFzxtfZSbg,OUR MALLORCA HOLIDAY 2016 | VLOG,Shirley B. Eniang,no,,,,// FTC Disclaimer. Not sponsored.,,
https://www.youtube.com/watch?v=G6LbbzXBwVQ,COME SHOPPING WITH ME + HAUL: HOMESENSE EDITION | Hello October Vlog | AD,HelloOctoberxo,yes,,,,This video is sponsored by Homesense and I couldn't be more over the moon about it,,
https://www.youtube.com/watch?v=Cj-k6sqxYrU,CHANGING MY HAIR! | Hello October,HelloOctoberxo,no,,,,DISCLAIMER: This video contains no sponsored content.,,
https://www.youtube.com/watch?v=qkNegmlZ26A,MOVING IN! | Hello October Moving Vlogs,HelloOctoberxo,no,,,,DISCLAIMER: This video contains no sponsored content.,,
https://www.youtube.com/watch?v=fJia0HrZdrY,WE HAVE SOMETHING TO TELL YOU... | Hello October Weekly Vlog,HelloOctoberxo,no,,,,DISCLAIMER: This video contains no sponsored content.,,
https://www.youtube.com/watch?v=emXrGeBI3yM,VLOG: Family Day! #LiveMore | ad,Rhiannon Ashlee,yes,,,,This video is sponsored by Very. All opinions and creative input is my own.,,
https://www.youtube.com/watch?v=irAijtlkA4s,DELILAH'S NAMING | VLUNE,Rhiannon Ashlee,no,,,,none,,
https://www.youtube.com/watch?v=E_NnShhfXqA,INVISALIGN EXPERIENCE - WEEK IN THE LIFE VLOG #ad,Luke Franks,yes,,,,"Massive thank you to Invisalign, can not thank you guys enough, it was super easy and I'm really happy with how it turned out. Their links are below if you want to find out more!",,
https://www.youtube.com/watch?v=FrSpXIgMdT0,FREAKING OUT AT THORPE PARK FRIGHT NIGHT,Luke Franks,no,,,,none,,
https://www.youtube.com/watch?v=excya0f_3ig,SEGWAYS IN MARBELLA | Luke Franks | Thomson Scene Advertorial,Luke Franks,yes,,,,"Thomson Scene sent Jackson and I off on holiday to Croatia, Majorca & Marbella, thanks for having us, had an awesome time x",This is a paid for advertorial,
https://www.youtube.com/watch?v=jmBm7SVDg_8,SUMMER IN THE CITY (SITC) 2016 ADVENTURES,Luke Franks,no,,,,none,,
https://www.youtube.com/watch?v=OcZp70tK9Wc,SUMMER IN THE CITY 2015 VLOG,Luke Franks,no,,,,none,,
https://www.youtube.com/watch?v=onoHSvE5PGg,I'M SLEEPING WITH MY BARBER ||SPIDERMAN CHALLENGE || VLOG 46 #AD,Joe and Ida,yes,,,,#Ad in title,,
https://www.youtube.com/watch?v=8FLtwsoxdaw,MY BABY IS WHITE?!,Joe and Ida,no,,,,none,,
https://www.youtube.com/watch?v=almVJ66wxvA,MEET MY SUGAR MOMMA!!!,Joe and Ida,no,,,,none,,
https://www.youtube.com/watch?v=1HyZ8XnF_L8,WE MET ED SHEERAN || VLOG 47,Joe and Ida,no,,,,none,,
https://www.youtube.com/watch?v=ufT_7Q9PNm0,VLOG: CAPITAL SUMMERTIME BALL 2016 - AD | LucyAndLydia,LucyAndLydia,yes,,,,This is a Paid For Advertorial. We had the best day thanks to @VodafoneUK at the Future Breakers Live pre-party and Capital's Summertime Ball!,,
https://www.youtube.com/watch?v=o1Hh3hojAiY,VLOG: V FESTIVAL 2016 | LucyAndLydia,LucyAndLydia,no,,,,none,,
https://www.youtube.com/watch?v=XtR8SBInpaY,WEEKLY VLOG: JUSTIN BIEBER PURPOSE TOUR & CAPITAL JINGLE BELL BALL | LucyAndLydia,LucyAndLydia,no,,,,none,,
https://www.youtube.com/watch?v=9KiY9tkXtO0,VLOG: LITTLE MIX 'GET WEIRD TOUR' LONDON SHOW | LucyAndLydia,LucyAndLydia,no,,,,none,,
https://www.youtube.com/watch?v=qdfgCeZtL4w&index=19&list=PLHGT2lSFsd7cNV2-HI5tU_iRq8hQj60a1,WE STAYED IN A CABIN! GIRLS TRIP AWAY WITH NINA RICCI - AD | LucyAndLydia,LucyAndLydia,yes,,,,This is a Paid For Advertorial. Thank-you Nina Ricci for working with us on this video!,,
https://www.youtube.com/watch?v=Va7kFIYZZT4&list=PLHGT2lSFsd7cNV2-HI5tU_iRq8hQj60a1&index=38,THE X FACTOR: HOUSE TOUR & MEETING THE CONTESTANTS - AD | LucyAndLydia,LucyAndLydia,yes,,,,This is a Paid For Advertorial. We had so much fun going to The X Factor contestants house,,
https://www.youtube.com/watch?v=IQKuF1L-EUo&index=49&list=PLHGT2lSFsd7cNV2-HI5tU_iRq8hQj60a1,VLOG: SHOPPING IN NORWICH & SINGING ANNIE - AD | LucyAndLydia,LucyAndLydia,yes,,,,This is a paid for advertorial. Thank-you to Sony for working with us on this video.,,
https://www.youtube.com/watch?v=9JeD4ys7SZ0&index=2&list=PLHGT2lSFsd7cNV2-HI5tU_iRq8hQj60a1,"BACK HOME, DISNEY DESCENDANTS 2 & KENNY ORTEGA TAUGHT US TO DANCE | LucyAndLydia",LucyAndLydia,no,,,,none,,
https://www.youtube.com/watch?v=j0iG6I82ujA&list=PLHGT2lSFsd7cNV2-HI5tU_iRq8hQj60a1&index=3,NEW HAIR REVEAL & THE BIGGEST PO BOX OPENING - WEEKLY VLOG | LucyAndLydia,LucyAndLydia,no,,,,none,,
https://www.youtube.com/watch?v=TYZkl9CpEGY&list=PLHGT2lSFsd7cNV2-HI5tU_iRq8hQj60a1&index=4,V FESTIVAL FUN & EXCITING DELIVERIES - WEEKLY VLOG | LucyAndLydia,LucyAndLydia,no,,,,none,,
https://www.youtube.com/watch?v=Taa_4eKOAFs&index=5&list=PLHGT2lSFsd7cNV2-HI5tU_iRq8hQj60a1,MEETING YOU AT SUMMER IN THE CITY - WEEKLY VLOG | LucyAndLydia,LucyAndLydia,no,,,,none,,
https://www.youtube.com/watch?v=Agiw583IYhY&list=PLHGT2lSFsd7cNV2-HI5tU_iRq8hQj60a1&index=6,YOUTUBER PARTY ON THE ISLAND - WEEKLY VLOG | LucyAndLydia,LucyAndLydia,no,,,,none,,
https://www.youtube.com/watch?v=2o9oZ5m5L9c&index=7&list=PLHGT2lSFsd7cNV2-HI5tU_iRq8hQj60a1,PHOTOSHOOT WITH LINDA BLACKER & SEEING ADELE - WEEKLY VLOG | LucyAndLydia,LucyAndLydia,no,,,,none,,
https://www.youtube.com/watch?v=B-70SMrHFgE&list=PLHGT2lSFsd7cNV2-HI5tU_iRq8hQj60a1&index=8,BEHIND THE SCENES OF OUR MUSIC VIDEO | LucyAndLydia,LucyAndLydia,no,,,,none,,
https://www.youtube.com/watch?v=81owzGuy5Wg&index=9&list=PLHGT2lSFsd7cNV2-HI5tU_iRq8hQj60a1,FULL OF SURPRISES IN PARIS | LucyAndLydia,LucyAndLydia,no,,,,none,,
https://www.youtube.com/watch?v=j38PcKK30ZM&index=10&list=PLHGT2lSFsd7cNV2-HI5tU_iRq8hQj60a1,TODRICK HALL STRAIGHT OUTTA OZ SHOW IN LONDON | LucyAndLydia,LucyAndLydia,no,,,,none,,
https://www.youtube.com/watch?v=AAnTP5c06mM,MEET MY FAMILY! Summer In The City Vlog ad,TalkBeckyTalk,yes,,,,"Thanks so much to Max Factor for taking me and sponsoring this video, I feel so lucky to have gone!",,
https://www.youtube.com/watch?v=JyJHS0Kxggo,A DAY IN MY LIFE | Talk Becky Talk,TalkBeckyTalk,no,,,,This is not a sponsored video,,
https://www.youtube.com/watch?v=vW-NrUPGqOo,ONE OF THE BEST DAYS OF MY LIFE | Talk Becky Talk,TalkBeckyTalk,no,,,,This is not a sponsored video,,
https://www.youtube.com/watch?v=Z8ylnVus2Gk,DATE NIGHT | What My Fiancé REALLY Does!,TalkBeckyTalk,no,,,,This is not a sponsored video,,
https://www.youtube.com/watch?v=n5Y3Fphlh8M,VLOG Mexico | Freddy My Love ad,Freddy My Love,yes,,,,title,,
https://www.youtube.com/watch?v=j9fESKTk9So,VLOG: New York | Freddy My Love,Freddy My Love,no,,,,none,,
https://www.youtube.com/watch?v=GcRPUhw05WU&index=7&list=PLs1KZhgymfBQZBQHYRdO8wS8VB6GC9Ujw,VLOG: Christmas ♥ | Freddy My Love,Freddy My Love,no,,,,none,,
https://www.youtube.com/watch?v=3ATyy4YVlwA&index=8&list=PLs1KZhgymfBQZBQHYRdO8wS8VB6GC9Ujw,Very Haul & The X Factor Vlog | Freddy My Love ad,Freddy My Love,yes,,,,This is a paid for advertorial- thank you so much to Very for working with me on this video!,,
https://www.youtube.com/watch?v=EsEuMPhyY8o,Exploring Bristol! // travel vlog #ad [CC],Kayley Hyde,yes,,,,"Shout out to Great Western Railways for sending me to Bristol to explore and share it with you guys! I hope some of my UK followers manage to find some of these tickets in a indie bookshop, train or train station near you!",,
https://www.youtube.com/watch?v=ZW58nWEukTo&list=PLCykWF5JzuurHoTf1_MjAGRZXDAJf-4WS,32 Hours in VIENNA! [CC],Kayley Hyde,no,,,,none,,
https://www.youtube.com/watch?v=SqzlvsHsuPY&list=PLCykWF5JzuuqLKOmxHo0Qe0gs8DZmroAk,"TARGET, MOVING & A LITTLE HAUL // weekly vlog 01",Kayley Hyde,no,,,,none,,
https://www.youtube.com/watch?v=lGKnujifsXM&list=PLCykWF5JzuuqLKOmxHo0Qe0gs8DZmroAk&index=2,TIME WITH KASSIE & MELTING // weekly vlog 02,Kayley Hyde,no,,,,none,,
https://www.youtube.com/watch?v=O3yAFsWZehY,VLOG | Visiting Copenhagen On A Budget + Bike Fails! | Kristabel | AD,Kristabel,yes,,,,Today I'm working with Hoppa who challenged me to spend 48 hours in Copenhagen on a budget! I,,
https://www.youtube.com/watch?v=0g_NXZNovHU,"VLOG | I'm 30! Deep Chats, Photoshoots & Blogging In London! | Kristabel",Kristabel,no,,,,none,,
https://www.youtube.com/watch?v=C4WnL6n32f0,VLOG | A Surprise Proposal & All The #BlackGirlMagic! | Kristabel,Kristabel,no,,,,none,,
https://www.youtube.com/watch?v=v2vlzTHQn6M,VLOG | I Need To Sort My Business Out! | Kristabel,Kristabel,no,,,,none,,
https://www.youtube.com/watch?v=2FP2AEE5DUg,Posh Vlog: ad Puddletown & Chocolate with Katie & Andrew!,Katie Snooks ,yes,,,,* Contains paid for advertorial but all thoughts are still my own!,,
https://www.youtube.com/watch?v=P6FeiyypOUQ,I WAS NAUGHTY ON HOLIDAY | Weekly Vlog #20,Katie Snooks ,no,,,,none,,
https://www.youtube.com/watch?v=rYb5hKIYWK0,DECLUTTERING + MY PIERCINGS | Weekly Vlog #19,Katie Snooks ,no,,,,none,,
https://www.youtube.com/watch?v=ISG4uBbhGtE,I THINK THERE'S SOMETHING WRONG WITH ME | Weekly Vlog #18,Katie Snooks ,no,,,,none,,
https://www.youtube.com/watch?v=ZwmsLWC0eXA,SEEING MY WALK IN WARDROBE FOR THE FIRST TIME EVER!! MOVING VLOG #4 AD,Emily Canham,yes,,,,"This video is kindly sponsored by Bourjois, all opinions and the video concept are my own. Some items may be linked using affiliate links, these are marked with *.",,
https://www.youtube.com/watch?v=oykttooqNOY,MOVING VLOG 1 | GETTING MY KEYS & UNPACKING MY KITCHEN! KITCHEN ROOM TOUR,Emily Canham,no,,,,"This video is not sponsored and all opinions are my own. Some items may be linked using affiliate links, these are marked with *.",,
https://www.youtube.com/watch?v=4tXF7w1Nbhk,"MOVING VLOG #2 | EVERYTHING IS PINK, A HOUSE TOUR OF WHAT I'VE DONE SO FAR+ BUILDING IKEA FURNITURE!",Emily Canham,no,,,,"This video is not sponsored and all opinions are my own. Some items may be linked using affiliate links, these are marked with *.",,
https://www.youtube.com/watch?v=JGOVX8sjkXQ,UNPACKING MY MAKEUP COLLECTION | GLAM ROOM ORGANISATION! MOVING VLOG #3,Emily Canham,no,,,,"This video is not sponsored and all opinions are my own. Some items may be linked using affiliate links, these are marked with *.",,